user_id,start_date,end_date
1,2024-04-12,
2,2024-06-28,2024-08-29
3,2024-04-02,2024-05-06
4,2024-01-15,
5,2024-04-16,2024-04-23
6,2024-03-12,
7,2024-01-21,
8,2024-04-12,
9,2024-05-01,
10,2024-03-15,2024-05-02
11,2024-03-28,2024-06-24
12,2024-04-26,2024-06-19
13,2024-04-09,
14,2024-04-13,
15,2024-05-31,
16,2024-05-10,2024-06-25
17,2024-05-29,
18,2024-02-22,2024-05-01
19,2024-01-02,
20,2024-03-28,
21,2024-06-06,2024-08-27
22,2024-02-07,
23,2024-05-09,
24,2024-01-21,2024-04-08
25,2024-06-09,
26,2024-02-27,2024-05-23
27,2024-01-22,
28,2024-03-29,2024-04-08
29,2024-02-18,2024-04-02
30,2024-02-28,
31,2024-06-18,
32,2024-01-15,2024-02-17
33,2024-06-23,
34,2024-02-20,2024-03-06
35,2024-04-17,
36,2024-02-24,
37,2024-03-04,2024-03-26
38,2024-05-10,2024-07-11
39,2024-02-20,
40,2024-05-14,2024-08-04
41,2024-01-21,
42,2024-03-13,
43,2024-06-15,2024-07-22
44,2024-01-18,2024-02-07
45,2024-05-11,2024-06-11
46,2024-03-29,
47,2024-02-29,
48,2024-01-14,
49,2024-01-09,
50,2024-03-30,
51,2024-02-22,2024-04-02
52,2024-05-09,
53,2024-03-24,2024-06-05
54,2024-04-01,2024-05-01
55,2024-04-20,
56,2024-06-20,2024-09-07
57,2024-01-08,2024-02-09
58,2024-06-23,
59,2024-02-04,
60,2024-03-21,
61,2024-06-12,
62,2024-02-19,2024-03-16
63,2024-04-13,
64,2024-05-11,2024-07-20
65,2024-01-02,2024-01-18
66,2024-05-13,
67,2024-02-23,2024-05-22
68,2024-04-15,
69,2024-01-04,
70,2024-02-23,2024-05-06
71,2024-05-25,
72,2024-02-13,
73,2024-06-10,
74,2024-01-14,
75,2024-04-04,2024-05-04
76,2024-02-17,
77,2024-01-15,
78,2024-02-09,
79,2024-03-22,2024-04-02
80,2024-04-20,
81,2024-02-22,
82,2024-01-24,
83,2024-06-02,
84,2024-05-03,2024-07-15
85,2024-02-10,2024-04-14
86,2024-06-05,
87,2024-01-15,2024-02-17
88,2024-02-14,
89,2024-03-05,2024-05-30
90,2024-03-29,2024-04-19
91,2024-03-11,
92,2024-01-09,2024-02-19
93,2024-03-28,2024-06-18
94,2024-05-08,
95,2024-05-15,
96,2024-03-03,
97,2024-05-18,2024-07-16
98,2024-03-21,2024-05-10
99,2024-05-15,2024-06-16
100,2024-06-11,2024-08-03
101,2024-06-11,
102,2024-02-02,2024-03-13
103,2024-05-02,2024-06-27
104,2024-01-05,
105,2024-02-10,
106,2024-01-28,2024-02-15
107,2024-05-14,
108,2024-03-12,2024-03-22
109,2024-01-12,
110,2024-06-10,
111,2024-02-02,2024-03-27
112,2024-02-17,
113,2024-05-30,
114,2024-03-02,
115,2024-02-06,2024-04-07
116,2024-04-08,
117,2024-06-20,2024-06-27
118,2024-04-13,
119,2024-02-04,2024-04-16
120,2024-04-10,2024-05-16
121,2024-06-23,
122,2024-05-10,
123,2024-01-01,
124,2024-01-05,
125,2024-05-21,
126,2024-04-12,
127,2024-01-27,
128,2024-05-16,
129,2024-01-15,
130,2024-03-30,
131,2024-02-11,2024-02-20
132,2024-05-03,
133,2024-06-27,
134,2024-03-03,
135,2024-04-05,2024-05-02
136,2024-02-21,2024-04-16
137,2024-04-05,2024-06-12
138,2024-05-11,2024-06-24
139,2024-05-30,
140,2024-05-22,2024-06-12
141,2024-06-19,2024-08-16
142,2024-01-29,
143,2024-02-05,2024-04-30
144,2024-01-13,
145,2024-06-08,2024-07-30
146,2024-03-11,
147,2024-03-26,
148,2024-01-28,2024-02-28
149,2024-03-06,
150,2024-06-18,
151,2024-02-14,
152,2024-03-02,2024-03-29
153,2024-05-13,
154,2024-01-28,
155,2024-01-28,2024-02-08
156,2024-04-17,2024-07-02
157,2024-02-13,
158,2024-03-24,2024-05-16
159,2024-01-30,2024-04-13
160,2024-03-15,2024-04-08
161,2024-05-07,
162,2024-04-01,
163,2024-05-08,
164,2024-04-30,
165,2024-01-27,
166,2024-04-30,
167,2024-04-25,
168,2024-01-03,
169,2024-04-12,
170,2024-06-03,2024-06-30
171,2024-05-16,
172,2024-03-02,
173,2024-06-13,2024-07-12
174,2024-02-20,
175,2024-06-20,2024-08-29
176,2024-05-31,2024-08-12
177,2024-02-28,
178,2024-04-27,2024-06-12
179,2024-06-08,
180,2024-04-05,
181,2024-06-28,
182,2024-04-22,
183,2024-03-02,2024-03-18
184,2024-02-21,
185,2024-01-12,
186,2024-02-08,
187,2024-05-09,
188,2024-05-10,
189,2024-04-22,
190,2024-04-10,2024-06-07
191,2024-04-22,
192,2024-03-21,
193,2024-04-22,
194,2024-01-02,
195,2024-05-09,2024-07-26
196,2024-02-23,
197,2024-03-27,
198,2024-05-08,
199,2024-05-26,2024-08-15
200,2024-05-05,
201,2024-05-09,
202,2024-02-22,2024-04-29
203,2024-06-20,
204,2024-06-08,2024-08-17
205,2024-06-08,2024-06-19
206,2024-03-08,
207,2024-05-02,
208,2024-05-24,
209,2024-02-07,
210,2024-01-24,2024-03-23
211,2024-03-09,
212,2024-04-25,
213,2024-04-07,2024-06-07
214,2024-05-18,
215,2024-05-23,
216,2024-04-06,
217,2024-05-03,
218,2024-03-10,2024-04-22
219,2024-04-02,
220,2024-01-03,
221,2024-05-27,
222,2024-06-12,
223,2024-05-26,
224,2024-03-30,
225,2024-05-26,
226,2024-05-27,2024-07-28
227,2024-04-05,
228,2024-02-21,
229,2024-06-09,
230,2024-06-16,2024-08-20
231,2024-05-07,2024-07-21
232,2024-02-08,
233,2024-03-22,2024-06-09
234,2024-04-13,
235,2024-05-08,
236,2024-01-11,
237,2024-06-26,
238,2024-05-30,2024-08-03
239,2024-06-07,
240,2024-02-11,
241,2024-04-08,2024-04-16
242,2024-01-07,
243,2024-05-23,
244,2024-03-30,
245,2024-04-21,
246,2024-02-29,
247,2024-04-22,2024-07-02
248,2024-01-02,
249,2024-05-08,
250,2024-02-17,2024-04-23
251,2024-05-19,2024-07-15
252,2024-02-06,
253,2024-06-08,
254,2024-01-09,
255,2024-04-08,
256,2024-05-26,
257,2024-02-17,
258,2024-05-10,2024-06-15
259,2024-05-27,
260,2024-05-31,2024-06-17
261,2024-02-23,
262,2024-04-29,2024-07-20
263,2024-06-09,
264,2024-05-31,2024-07-15
265,2024-04-25,
266,2024-03-15,
267,2024-04-22,
268,2024-06-12,2024-09-03
269,2024-06-14,
270,2024-04-13,
271,2024-03-24,
272,2024-04-21,
273,2024-04-08,
274,2024-06-01,
275,2024-04-02,2024-06-19
276,2024-05-25,2024-08-02
277,2024-05-07,2024-07-16
278,2024-04-19,
279,2024-03-22,2024-05-28
280,2024-02-23,2024-04-23
281,2024-06-11,2024-08-29
282,2024-06-17,
283,2024-06-09,
284,2024-03-08,2024-05-11
285,2024-02-02,
286,2024-05-21,
287,2024-01-21,
288,2024-02-17,2024-04-19
289,2024-05-27,2024-07-06
290,2024-05-07,2024-06-13
291,2024-05-15,
292,2024-05-14,
293,2024-05-24,
294,2024-05-07,
295,2024-02-02,
296,2024-06-24,
297,2024-04-24,
298,2024-04-28,
299,2024-01-22,2024-03-20
300,2024-06-06,
301,2024-02-07,2024-04-29
302,2024-04-18,
303,2024-02-20,
304,2024-06-30,
305,2024-01-08,
306,2024-01-27,
307,2024-01-27,2024-02-03
308,2024-01-21,
309,2024-01-30,
310,2024-04-06,
311,2024-01-28,2024-03-29
312,2024-04-20,2024-05-18
313,2024-03-01,2024-04-16
314,2024-02-17,
315,2024-05-26,2024-06-02
316,2024-01-04,2024-03-15
317,2024-02-04,
318,2024-02-18,2024-04-27
319,2024-01-17,
320,2024-06-20,2024-08-19
321,2024-06-06,2024-07-24
322,2024-02-15,
323,2024-04-26,
324,2024-01-06,2024-02-02
325,2024-04-08,
326,2024-05-03,
327,2024-02-06,2024-05-01
328,2024-01-24,
329,2024-04-02,
330,2024-02-15,
331,2024-06-29,
332,2024-04-04,
333,2024-04-08,
334,2024-04-25,
335,2024-06-08,
336,2024-06-09,2024-09-04
337,2024-03-07,
338,2024-05-07,
339,2024-01-18,2024-02-15
340,2024-01-25,
341,2024-02-23,
342,2024-02-27,
343,2024-03-07,2024-04-20
344,2024-04-13,
345,2024-06-22,
346,2024-01-24,2024-04-19
347,2024-04-23,
348,2024-02-01,
349,2024-06-23,
350,2024-03-26,
351,2024-05-30,2024-06-13
352,2024-05-06,
353,2024-06-03,
354,2024-05-09,
355,2024-01-17,2024-03-25
356,2024-04-13,
357,2024-06-09,
358,2024-05-16,
359,2024-02-12,
360,2024-06-24,
361,2024-02-08,
362,2024-06-18,
363,2024-01-26,
364,2024-04-08,
365,2024-02-19,2024-04-12
366,2024-06-01,
367,2024-05-31,2024-06-23
368,2024-01-13,
369,2024-02-29,
370,2024-05-14,
371,2024-02-26,
372,2024-02-05,
373,2024-06-21,2024-07-14
374,2024-01-20,
375,2024-03-05,2024-03-24
376,2024-01-08,
377,2024-05-23,2024-06-15
378,2024-05-21,
379,2024-04-24,2024-06-07
380,2024-05-22,
381,2024-04-01,2024-06-27
382,2024-04-07,
383,2024-03-06,2024-05-29
384,2024-02-01,
385,2024-03-26,2024-05-16
386,2024-02-20,
387,2024-06-01,2024-06-13
388,2024-03-03,2024-04-13
389,2024-05-04,2024-05-24
390,2024-05-29,
391,2024-02-27,
392,2024-02-27,2024-05-15
393,2024-03-26,
394,2024-02-18,
395,2024-06-28,2024-09-03
396,2024-06-18,2024-07-09
397,2024-03-10,
398,2024-01-15,2024-03-15
399,2024-02-23,2024-03-27
400,2024-04-10,
401,2024-01-08,2024-01-27
402,2024-02-22,
403,2024-02-29,
404,2024-04-17,
405,2024-01-05,
406,2024-04-12,2024-05-19
407,2024-01-06,
408,2024-04-18,
409,2024-04-25,
410,2024-04-03,
411,2024-02-16,
412,2024-04-08,
413,2024-02-24,
414,2024-06-16,2024-07-27
415,2024-02-21,
416,2024-05-23,
417,2024-01-13,
418,2024-04-23,2024-06-28
419,2024-05-03,
420,2024-04-15,
421,2024-06-06,
422,2024-05-26,2024-06-07
423,2024-05-24,
424,2024-04-29,2024-07-13
425,2024-03-03,
426,2024-01-19,
427,2024-04-01,2024-06-04
428,2024-02-27,
429,2024-03-30,2024-05-24
430,2024-04-26,2024-05-25
431,2024-03-02,2024-04-11
432,2024-01-23,
433,2024-05-06,2024-06-07
434,2024-05-16,
435,2024-05-19,2024-07-11
436,2024-05-08,
437,2024-02-27,2024-03-09
438,2024-05-01,
439,2024-01-01,
440,2024-02-03,
441,2024-04-05,2024-05-01
442,2024-05-05,
443,2024-04-27,
444,2024-02-17,2024-02-29
445,2024-03-29,
446,2024-04-26,
447,2024-05-08,
448,2024-01-16,
449,2024-03-09,
450,2024-01-22,
451,2024-04-02,
452,2024-03-16,
453,2024-06-02,2024-08-17
454,2024-05-23,
455,2024-06-27,
456,2024-03-26,2024-05-30
457,2024-01-29,
458,2024-03-09,
459,2024-02-16,2024-04-26
460,2024-04-03,2024-04-27
461,2024-05-23,2024-06-02
462,2024-06-24,2024-07-17
463,2024-03-25,2024-04-14
464,2024-02-08,
465,2024-04-09,2024-07-02
466,2024-02-02,
467,2024-04-10,2024-04-29
468,2024-01-23,
469,2024-01-10,
470,2024-03-09,
471,2024-04-09,2024-04-22
472,2024-02-03,
473,2024-06-28,2024-08-17
474,2024-05-17,2024-06-07
475,2024-05-26,
476,2024-04-05,2024-04-30
477,2024-01-01,2024-03-10
478,2024-03-09,
479,2024-01-04,
480,2024-01-16,
481,2024-01-24,
482,2024-03-20,
483,2024-01-02,2024-02-12
484,2024-05-07,
485,2024-06-08,2024-09-03
486,2024-03-24,
487,2024-05-31,
488,2024-05-19,2024-06-29
489,2024-06-26,2024-07-21
490,2024-06-11,
491,2024-05-03,
492,2024-02-02,
493,2024-06-09,
494,2024-06-27,
495,2024-06-19,
496,2024-04-10,
497,2024-01-12,2024-02-07
498,2024-03-07,
499,2024-03-05,
500,2024-06-09,
501,2024-06-16,2024-07-27
502,2024-03-14,2024-04-21
503,2024-02-12,
504,2024-02-13,2024-04-07
505,2024-01-29,
506,2024-05-20,
507,2024-01-12,
508,2024-04-04,
509,2024-02-15,2024-04-05
510,2024-05-09,2024-06-08
511,2024-02-04,
512,2024-03-21,
513,2024-03-30,
514,2024-01-08,
515,2024-04-02,
516,2024-06-02,
517,2024-03-30,
518,2024-06-10,
519,2024-04-24,
520,2024-04-14,
521,2024-05-14,2024-07-20
522,2024-02-27,
523,2024-04-23,2024-05-16
524,2024-03-15,
525,2024-06-05,2024-08-21
526,2024-04-29,2024-06-24
527,2024-06-12,2024-08-22
528,2024-01-21,
529,2024-06-12,2024-07-20
530,2024-05-17,
531,2024-04-10,
532,2024-05-31,
533,2024-06-25,
534,2024-04-08,
535,2024-02-05,2024-03-18
536,2024-04-05,2024-04-24
537,2024-05-31,
538,2024-05-30,2024-08-14
539,2024-02-06,
540,2024-01-12,2024-03-16
541,2024-04-22,
542,2024-01-13,
543,2024-01-23,2024-02-12
544,2024-04-08,2024-05-21
545,2024-04-14,2024-07-08
546,2024-01-30,2024-04-13
547,2024-01-17,2024-03-03
548,2024-04-22,
549,2024-03-02,2024-05-06
550,2024-03-24,2024-06-18
551,2024-04-21,
552,2024-03-26,2024-04-17
553,2024-05-20,
554,2024-01-19,2024-03-27
555,2024-06-25,2024-07-05
556,2024-04-09,2024-05-30
557,2024-05-19,2024-06-22
558,2024-05-26,2024-08-06
559,2024-03-16,
560,2024-01-09,2024-02-15
561,2024-01-28,
562,2024-05-07,
563,2024-02-21,
564,2024-03-23,
565,2024-04-20,
566,2024-05-23,2024-06-01
567,2024-04-26,
568,2024-03-09,
569,2024-04-08,
570,2024-05-19,
571,2024-01-25,
572,2024-06-28,
573,2024-05-02,
574,2024-02-22,
575,2024-05-30,
576,2024-05-23,
577,2024-02-26,
578,2024-02-08,2024-02-22
579,2024-04-18,2024-05-18
580,2024-06-29,
581,2024-02-11,2024-03-03
582,2024-06-15,
583,2024-05-21,
584,2024-05-01,2024-06-19
585,2024-05-12,
586,2024-06-11,2024-07-18
587,2024-03-15,
588,2024-05-25,
589,2024-03-16,
590,2024-01-09,2024-03-28
591,2024-03-14,
592,2024-05-24,2024-07-14
593,2024-01-07,
594,2024-06-22,
595,2024-05-20,
596,2024-06-16,
597,2024-06-18,2024-08-29
598,2024-05-16,
599,2024-06-26,2024-07-10
600,2024-01-27,2024-04-13
601,2024-05-01,
602,2024-01-05,
603,2024-01-29,
604,2024-06-13,
605,2024-06-14,
606,2024-03-23,
607,2024-05-15,
608,2024-04-18,
609,2024-03-05,
610,2024-03-26,
611,2024-05-24,2024-07-26
612,2024-03-11,2024-06-05
613,2024-02-14,
614,2024-05-11,
615,2024-02-05,2024-03-12
616,2024-03-10,
617,2024-06-07,2024-08-26
618,2024-01-19,
619,2024-04-17,
620,2024-06-30,
621,2024-06-15,
622,2024-03-31,
623,2024-03-30,
624,2024-01-19,2024-02-12
625,2024-02-08,2024-04-23
626,2024-05-05,
627,2024-06-21,2024-08-05
628,2024-05-20,
629,2024-05-05,
630,2024-02-27,2024-05-03
631,2024-05-27,
632,2024-03-01,
633,2024-05-06,
634,2024-04-14,
635,2024-06-15,2024-08-03
636,2024-01-01,2024-02-21
637,2024-05-10,2024-06-08
638,2024-04-01,2024-06-15
639,2024-04-22,
640,2024-06-01,
641,2024-02-25,
642,2024-06-09,
643,2024-06-14,
644,2024-04-26,2024-05-08
645,2024-05-13,
646,2024-02-27,
647,2024-02-13,
648,2024-06-21,
649,2024-06-08,2024-08-09
650,2024-06-21,
651,2024-03-01,
652,2024-02-16,2024-02-26
653,2024-05-28,
654,2024-03-20,
655,2024-04-27,2024-05-26
656,2024-06-12,2024-06-24
657,2024-05-26,
658,2024-01-20,2024-02-27
659,2024-05-25,2024-06-18
660,2024-02-16,
661,2024-02-18,2024-03-10
662,2024-01-14,2024-02-29
663,2024-05-22,2024-08-09
664,2024-06-07,2024-08-26
665,2024-01-01,
666,2024-04-26,
667,2024-02-23,
668,2024-04-27,
669,2024-01-03,
670,2024-05-23,2024-06-04
671,2024-01-12,2024-03-21
672,2024-03-14,
673,2024-01-16,2024-03-29
674,2024-04-11,2024-04-28
675,2024-05-31,
676,2024-06-04,
677,2024-04-26,
678,2024-01-08,2024-02-26
679,2024-05-01,
680,2024-04-01,2024-04-24
681,2024-06-12,
682,2024-03-30,2024-04-09
683,2024-05-15,2024-07-23
684,2024-02-29,2024-05-13
685,2024-06-26,2024-09-21
686,2024-01-28,2024-03-15
687,2024-04-10,2024-07-08
688,2024-02-10,2024-02-21
689,2024-06-03,2024-07-11
690,2024-05-24,2024-08-08
691,2024-06-09,
692,2024-06-05,
693,2024-05-20,
694,2024-02-15,
695,2024-02-04,
696,2024-05-13,2024-06-23
697,2024-03-22,2024-04-19
698,2024-04-24,2024-07-04
699,2024-02-16,
700,2024-06-01,
701,2024-01-10,
702,2024-02-25,
703,2024-01-30,
704,2024-04-18,
705,2024-01-05,2024-02-02
706,2024-04-28,2024-05-15
707,2024-02-02,
708,2024-04-27,
709,2024-03-05,
710,2024-05-25,
711,2024-06-25,2024-09-16
712,2024-01-11,
713,2024-03-25,
714,2024-01-26,
715,2024-03-03,
716,2024-03-26,
717,2024-02-28,2024-03-08
718,2024-01-27,2024-02-11
719,2024-06-25,
720,2024-06-09,
721,2024-04-07,
722,2024-04-14,2024-06-19
723,2024-04-08,
724,2024-05-08,
725,2024-05-28,
726,2024-02-24,
727,2024-01-06,
728,2024-04-04,
729,2024-05-12,
730,2024-04-11,2024-07-02
731,2024-01-03,
732,2024-06-29,2024-07-19
733,2024-01-23,
734,2024-02-22,2024-03-17
735,2024-06-13,2024-08-31
736,2024-03-23,
737,2024-05-24,2024-06-22
738,2024-03-25,
739,2024-03-18,2024-06-06
740,2024-04-19,
741,2024-01-01,
742,2024-02-20,
743,2024-06-21,2024-09-18
744,2024-01-04,
745,2024-04-22,
746,2024-02-01,2024-03-25
747,2024-02-03,2024-04-18
748,2024-04-01,
749,2024-04-04,
750,2024-03-12,
751,2024-02-08,
752,2024-06-02,
753,2024-06-10,2024-08-02
754,2024-06-30,
755,2024-04-27,2024-06-02
756,2024-01-03,
757,2024-05-02,
758,2024-02-19,
759,2024-01-12,
760,2024-02-23,2024-03-25
761,2024-05-12,2024-06-15
762,2024-02-26,
763,2024-05-24,2024-06-24
764,2024-04-21,2024-07-10
765,2024-02-16,
766,2024-05-30,2024-08-22
767,2024-03-25,
768,2024-05-21,
769,2024-03-06,2024-05-09
770,2024-03-15,
771,2024-06-27,
772,2024-04-12,2024-05-29
773,2024-06-14,
774,2024-02-07,
775,2024-02-19,2024-03-21
776,2024-04-07,
777,2024-03-22,
778,2024-01-30,2024-04-23
779,2024-03-19,
780,2024-03-31,
781,2024-06-27,2024-08-20
782,2024-02-21,2024-03-08
783,2024-06-14,
784,2024-03-19,2024-06-08
785,2024-01-30,2024-02-16
786,2024-04-15,
787,2024-02-20,
788,2024-03-21,
789,2024-05-12,2024-06-08
790,2024-01-29,
791,2024-05-11,
792,2024-05-17,2024-07-07
793,2024-05-24,2024-06-06
794,2024-03-14,
795,2024-01-17,
796,2024-03-24,
797,2024-03-09,
798,2024-02-03,2024-04-30
799,2024-01-06,2024-03-16
800,2024-02-22,
801,2024-05-05,
802,2024-02-12,2024-04-22
803,2024-04-24,
804,2024-04-20,
805,2024-05-30,
806,2024-03-20,
807,2024-04-04,2024-04-12
808,2024-04-27,
809,2024-05-23,
810,2024-01-08,
811,2024-05-11,2024-08-01
812,2024-04-13,
813,2024-05-11,
814,2024-01-25,
815,2024-04-05,
816,2024-06-03,
817,2024-04-02,
818,2024-06-08,
819,2024-06-26,
820,2024-03-01,2024-04-18
821,2024-05-01,
822,2024-02-20,
823,2024-05-26,
824,2024-01-21,2024-04-18
825,2024-01-05,
826,2024-04-01,2024-05-31
827,2024-06-18,2024-09-07
828,2024-03-01,
829,2024-01-22,2024-02-13
830,2024-05-28,
831,2024-03-10,
832,2024-01-01,2024-01-25
833,2024-05-12,2024-07-16
834,2024-01-12,
835,2024-03-30,
836,2024-02-15,
837,2024-02-03,2024-02-25
838,2024-06-25,
839,2024-03-18,
840,2024-02-14,
841,2024-06-03,
842,2024-03-13,2024-03-25
843,2024-01-26,
844,2024-02-16,2024-04-19
845,2024-04-30,
846,2024-02-25,2024-04-18
847,2024-04-03,
848,2024-04-16,
849,2024-03-03,
850,2024-02-17,
851,2024-03-01,
852,2024-03-21,2024-05-14
853,2024-01-26,2024-03-14
854,2024-02-05,
855,2024-01-01,
856,2024-01-08,
857,2024-04-22,
858,2024-04-08,2024-06-29
859,2024-06-28,2024-09-02
860,2024-02-16,
861,2024-05-06,
862,2024-02-25,
863,2024-01-14,2024-04-06
864,2024-01-28,
865,2024-03-18,2024-03-28
866,2024-05-09,2024-05-17
867,2024-04-18,
868,2024-06-02,2024-08-06
869,2024-01-14,
870,2024-02-25,2024-03-29
871,2024-04-24,
872,2024-01-07,
873,2024-01-03,2024-02-05
874,2024-04-20,2024-07-14
875,2024-05-30,2024-08-16
876,2024-04-16,
877,2024-01-18,2024-01-31
878,2024-02-07,
879,2024-04-24,2024-07-02
880,2024-01-15,
881,2024-04-28,2024-06-19
882,2024-01-28,2024-04-06
883,2024-02-08,2024-02-26
884,2024-01-17,
885,2024-03-26,
886,2024-05-05,2024-05-24
887,2024-02-13,
888,2024-01-25,2024-03-14
889,2024-05-24,
890,2024-01-13,
891,2024-01-25,2024-02-17
892,2024-03-08,
893,2024-05-17,
894,2024-03-07,
895,2024-04-18,
896,2024-05-25,2024-08-02
897,2024-04-20,
898,2024-04-20,2024-07-16
899,2024-02-03,2024-03-16
900,2024-04-20,
901,2024-01-08,2024-01-22
902,2024-06-16,
903,2024-04-22,
904,2024-03-23,2024-06-06
905,2024-02-11,
906,2024-06-17,
907,2024-04-10,
908,2024-01-06,
909,2024-06-28,
910,2024-01-26,2024-04-21
911,2024-03-04,
912,2024-02-28,
913,2024-04-18,
914,2024-04-30,
915,2024-02-02,
916,2024-06-29,
917,2024-05-29,
918,2024-01-21,
919,2024-03-10,
920,2024-04-21,
921,2024-01-04,2024-02-15
922,2024-04-03,2024-05-07
923,2024-03-15,
924,2024-03-02,2024-04-24
925,2024-04-03,2024-06-24
926,2024-04-04,
927,2024-05-31,
928,2024-02-24,2024-03-31
929,2024-05-16,2024-06-14
930,2024-05-10,
931,2024-01-31,2024-02-22
932,2024-02-09,
933,2024-02-05,2024-02-25
934,2024-05-31,2024-08-19
935,2024-01-06,
936,2024-03-06,2024-05-22
937,2024-03-15,
938,2024-01-04,2024-03-02
939,2024-03-19,2024-05-01
940,2024-05-13,
941,2024-04-27,
942,2024-04-22,
943,2024-04-03,2024-05-08
944,2024-06-27,
945,2024-03-02,2024-05-14
946,2024-03-19,
947,2024-05-15,
948,2024-01-26,
949,2024-06-27,2024-07-18
950,2024-06-21,2024-08-13
951,2024-02-13,2024-04-05
952,2024-05-12,2024-07-09
953,2024-03-10,2024-04-04
954,2024-06-02,
955,2024-04-27,
956,2024-03-08,
957,2024-01-19,2024-04-11
958,2024-01-20,2024-02-16
959,2024-04-22,
960,2024-05-19,2024-07-28
961,2024-02-16,2024-03-30
962,2024-01-01,
963,2024-03-30,
964,2024-05-21,
965,2024-03-04,
966,2024-02-07,2024-03-11
967,2024-02-06,
968,2024-05-05,
969,2024-05-18,2024-07-18
970,2024-04-09,2024-05-14
971,2024-03-17,2024-04-12
972,2024-01-03,
973,2024-06-09,
974,2024-05-13,2024-06-13
975,2024-06-26,
976,2024-01-10,
977,2024-01-05,
978,2024-05-30,
979,2024-05-17,
980,2024-06-20,
981,2024-05-09,
982,2024-01-13,
983,2024-06-16,
984,2024-05-09,
985,2024-03-24,2024-06-08
986,2024-03-05,
987,2024-03-03,
988,2024-04-10,
989,2024-03-13,
990,2024-01-17,
991,2024-01-09,
992,2024-05-22,2024-07-30
993,2024-05-31,
994,2024-02-07,
995,2024-06-11,2024-07-23
996,2024-04-03,
997,2024-04-04,
998,2024-02-18,
999,2024-03-09,2024-03-17
1000,2024-03-02,
